ID,Datetime,Age,Income,NetWorth,FinancesOnTheMind,Priority,Priority_Other,FinancalPlan_YN,OnTrack,Advisor_Met,Advisor_Paid,Advisor_Other,Adivsor_Outcome,BudgetTools_Spreadsheets,BudgetTools_Mint,BudgetTools_Clarity,BudgetTools_Stash,BudgetTools_DailyBudget,BudgetTools_YNAB,BudgetTools_Other,BudgetTools_Describe,InvestmentTools_Weathfront,InvestmentTools_Betterment,InvestmentTools_Robinhood,InvestmentTools_Acorns,InvestmentTools_brokerage,InvestmentTools_manager,InvestmentTools_other,InvestmentTools_describe,Online_Advice,Online_Advice_Google,Online_Advice_FB,Online_Advice_Reddit,Online_Advice_IG,Online_Advice_Bank,Online_Advice_Investopedia,Online_Advice_NW,Online_Advice_CK,Online_Advice_Other,Relationship,Age2,Gender,Household Income,Region,Device Type
11393173089,03/04/2020 4:02:09 PM,18-24,"Over $150,000","Under $10,000",Weekly,I am not sure,,No,"No, I am not on track",No,,,,,,,Stash,,,Reddit,Tedious,,,Robinhood,,,,,Lack of customer support,Not at all,,,Reddit,,,,,,,no need for moneys,18-29,Male,"$200,000+",Mountain,Android Phone / Tablet
11393172364,03/04/2020 4:02:09 PM,35-44,"Between $100,000 and $150,000","$100,000 - $249,999",Daily,Save for retirement,,Yes,I am not certain and I am okay with that,Yes,"No, it was a free consultation",,He has given advices on where to invest for good returns and he followed up also.,Spreadsheets and documents,Mint,,,,,,They are good but need more improvement.,,,Robinhood,,,,,There are some cost when you sell your stocks or ETFs,"Yes, every once in a while",Google,,,,Online banking/brokerage website or app,,NerdWallet,,,Where I can get more returns,45-60,Male,"$125,000-$149,999",South Atlantic,iOS Phone / Tablet
11393170678,03/04/2020 4:03:01 PM,18-24,"Under $15,000","Under $10,000",Daily,I am not sure,,No,I do not have a financial plan,No,,,,,,,,,,I don’t use any,,,,,,,,I haven’t done any,I haven’t done any,Not at all,,,,Instagram,,,,,,Money,18-29,Male,"$0-$9,999",East South Central,iOS Phone / Tablet
11393170118,03/04/2020 4:03:59 PM,45-54,"Between $50,000 and $74,999","$100,000 - $249,999",Daily,Save for retirement,,Yes,"Yes, I am on track",Yes,"No, it was a free consultation",,Positive steps were taken to ensure that our money was being invested wisely.,Spreadsheets and documents,,,,,,,,,,,,,A wealth manager,,,Not at all,,,,,,,,,financial advisor,Not saving enough for retirement,45-60,Male,"$75,000-$99,999",Middle Atlantic,Android Phone / Tablet
11393168456,03/04/2020 4:04:00 PM,35-44,"Between $15,000 and $29,999","Under $10,000",Daily,Pay all of my monthly bills,,Yes,"No, I am not on track",No,,,,Spreadsheets and documents,,,,,,cleo,I didn't like having my finances thrown in my face all the time instead of me logging when I wanted to see it.,,,Robinhood,Acorns,,,,no problem with them.,Not at all,Google,,,,Online banking/brokerage website or app,,,Credit Karma,,that I do not make enough to even be able to pay my monthly bills let alone leave anything for savings.,30-44,Male,"$10,000-$24,999",West South Central,Android Phone / Tablet
11393168334,03/04/2020 4:02:19 PM,35-44,"Over $150,000","Over $500,000",Weekly,Save for retirement,,No,"Yes, I am on track",Yes,"No, it was a free consultation",,My wife and I ended up choosing to use that financial advisor. We meet with her yearly to go over everything.,Spreadsheets and documents,,,,,,,nothing,,,,,,A wealth manager,,nothing,Not at all,,,,,,,,,financial advisor,having enough when I retire,30-44,Male,"$150,000-$174,999",Middle Atlantic,Android Phone / Tablet
11393168046,03/04/2020 4:04:01 PM,18-24,"Between $15,000 and $29,999","Under $10,000",Daily,Pay all of my monthly bills,,Yes,"Yes, I am on track",No,,,,,,,,,,My brain and a calculator,N/A,,,,,,,None,N/A,Not at all,Google,,,,,,,,,Being able to start saving.,18-29,Male,"$10,000-$24,999",South Atlantic,Android Phone / Tablet
11393167996,03/04/2020 4:02:09 PM,45-54,"Between $30,000 and $49,999","$50,000 - $99,999",Daily,Manage money during retirement,,Yes,"Yes, I am on track",Yes,"No, it was a free consultation",,"It helped with tax deductions from my retirement check. Since I’ve returned to work full time, I was advised on how to set my deductions",,,,Stash,,,,Nothing,,,Robinhood,Acorns,,,,Nothing,"Yes, every once in a while",Google,,,,Online banking/brokerage website or app,,,Credit Karma,,Unforeseen and unexpected added financial expenses,45-60,Male,"$50,000-$74,999",South Atlantic,iOS Phone / Tablet
11393167982,03/04/2020 4:03:56 PM,35-44,"Between $75,000 and $99,999","Over $500,000",Daily,Buy a home,,Yes,"Yes, I am on track",Yes,"No, it was a free consultation",,Affirmation of my current plan,Spreadsheets and documents,,,,,,,"There are too many of them, numbers are the same regardless of what tool you use",,,,,Traditional brokerage account(s),,,I never used them,"Yes, every once in a while",Google,,Reddit,,Online banking/brokerage website or app,,NerdWallet,Credit Karma,,Retirement and college funds when the time comes to use,30-44,Male,"$50,000-$74,999",West North Central,iOS Phone / Tablet
11393167764,03/04/2020 4:02:25 PM,45-54,"Between $75,000 and $99,999","Over $500,000",Monthly,Save for retirement,,No,I am not certain and it concerns me,Yes,"No, it was a free consultation",,Still felt uncertain,Spreadsheets and documents,,,,,,,Feeling uncertain and like shooting in the dark,,,,,Traditional brokerage account(s),,,Commission and fee based. Confusing experience.,Not at all,,,,,,,,,Friends and family,Not sure,45-60,Male,"$0-$9,999",Middle Atlantic,iOS Phone / Tablet
11393167597,03/04/2020 4:02:49 PM,35-44,"Between $50,000 and $74,999","$250,000 - $500,000",Daily,Pay all of my monthly bills,,No,"Yes, I am on track",No,,,,Spreadsheets and documents,,,,,,,"simple, easy to track",,,,Acorns,,,,acorns did not round off my change and take it out my account immediately.,Not at all,Google,,,,Online banking/brokerage website or app,,,,,retirement,30-44,Male,"$50,000-$74,999",South Atlantic,Android Phone / Tablet
11393167559,03/04/2020 4:01:59 PM,35-44,"Between $50,000 and $74,999","$100,000 - $249,999",Weekly,Other (please specify),"Hoard money like a dragon so I can lay atop it. Also, some dental work.",Yes,"Yes, I am on track",Yes,Other (please specify),It was as an agent for a trust. We had a fun little three year fight before I pulled the lawyer out.,I pulled the lawyer out.,Spreadsheets and documents,,,,,,Hidey holes,I don't enjoy paying lawyers with funds from my hidey holes.,,,,Acorns,,,,"Damned if it doesn't take forever to get that going without decent seed money.  Still, it pays better than standard savings accounts.","Yes, every once in a while",,,Reddit,,,Investopedia,,,,"That adventurers will slay me and take it.  Also, that slow damn Acorn growth.",30-44,Male,"$25,000-$49,999",South Atlantic,Android Phone / Tablet
11393167556,03/04/2020 4:04:06 PM,25-34,"Between $75,000 and $99,999","$10,000 - $49,999",Daily,Pay off debt,,Yes,"No, I am not on track",Yes,"No, it was a free consultation",,"Showed me that I didn’t need a consultant, if I just did my research",Spreadsheets and documents,Mint,Clarity Money,,Daily Budget,,,The fact that most of them can’t communicate with each other or sync with other apps easily. This makes it hard to use them.,,,Robinhood,Acorns,Traditional brokerage account(s),,,Too many of them and they all have money grabbing antics,"Yes, almost daily",Google,,,,,,NerdWallet,Credit Karma,Podcasts,"Paying off debt, helping my parents get out of debt, pay off student loans, buy a house, and save for retirement",18-29,Male,"$75,000-$99,999",South Atlantic,iOS Phone / Tablet
11393166375,03/04/2020 4:01:32 PM,25-34,"Between $100,000 and $150,000","$100,000 - $249,999",Weekly,Pay all of my monthly bills,,Yes,I am not certain and it concerns me,Yes,"Yes, it felt worth it",,"We setup investment plans with someone at Edward Jones. I'm happy we started it. We have had follow ups and increased out savings. I've been pleased with it, but wished we had more money to save.",Spreadsheets and documents,Mint,,,,,,"Mint worked well, but didn't provide all of the insight I wanted. Some of the categories of spending weren't done well and made it difficult to track.",,,,,Traditional brokerage account(s),,,"I have no major problems with it, just that it has a yearly fee. They also could have a little bit easier of online system. It can be tricky to put money into different accounts.","Yes, every once in a while",Google,,Reddit,,Online banking/brokerage website or app,,,,,Just not having enough money to save and take care of my family.,30-44,Male,"$125,000-$149,999",East North Central,Android Phone / Tablet
11393166199,03/04/2020 4:01:30 PM,65+,"Between $50,000 and $74,999","$250,000 - $500,000",Rarely -- I am on autopilot,Manage money during retirement,,No,I am not certain and I am okay with that,Yes,"No, it was a free consultation",,Consolidated retirement funds,,,,,,,None,None,,,,,,,None,None,"Yes, every once in a while",,,,,,,,,Bank,Having enough money for a lifetime,> 60,Male,"$25,000-$49,999",Middle Atlantic,iOS Phone / Tablet
11393165631,03/04/2020 4:04:07 PM,45-54,"Between $30,000 and $49,999","$10,000 - $49,999",Rarely -- I am on autopilot,Save for retirement,,Yes,"Yes, I am on track",Yes,"Yes, but I did not feel like it was worth it",,good,,Mint,,,,,,good,Wealthfront,,Robinhood,,,,,good,"Yes, every once in a while",Google,Facebook,,,,,,,,good,45-60,Male,"$25,000-$49,999",Pacific,Android Phone / Tablet
11393165617,03/04/2020 4:03:33 PM,45-54,"Between $15,000 and $29,999","$10,000 - $49,999",Weekly,Pay all of my monthly bills,,Yes,"Yes, I am on track",Yes,"Yes, it felt worth it",,cant remember,,,,Stash,,,,dont really know,,,,,,,,cant remember,"Yes, almost daily",Google,,,,,Investopedia,,Credit Karma,,set a goal,45-60,Male,"$25,000-$49,999",East North Central,Android Phone / Tablet
11393165591,03/04/2020 4:04:00 PM,45-54,"Between $75,000 and $99,999","$10,000 - $49,999",Daily,Buy a home,,Yes,I am not certain and it concerns me,No,,,,,Mint,,,Daily Budget,,,Mint isn't as specific categorically wise as I'd like it to be.,,,Robinhood,,Traditional brokerage account(s),,,Fees from brokerage accounts.,"Yes, every once in a while",,,,,Online banking/brokerage website or app,,,,,Longevity of funds.,45-60,Male,"$200,000+",Pacific,Android Phone / Tablet
11393165031,03/04/2020 4:01:38 PM,25-34,"Between $15,000 and $29,999","$10,000 - $49,999",Weekly,Pay off debt,,Yes,"Yes, I am on track",Yes,"No, it was a free consultation",,learned how to budget. no follow up needed.,Spreadsheets and documents,Mint,,,,,,na/,,,,,,,none,na/,Not at all,,,,,,,,,through work. consultation,not being able to afford my lifestyle anymore,18-29,Male,"$25,000-$49,999",West North Central,Android Phone / Tablet
11393164871,03/04/2020 4:03:18 PM,18-24,"Between $15,000 and $29,999","$10,000 - $49,999",Weekly,Pay off debt,,Yes,I am not certain and I am okay with that,No,,,,Spreadsheets and documents,,,,,,,Not portable or easily updated,,,,,,,,,"Yes, every once in a while",,,,,Online banking/brokerage website or app,,,,,Interest rates,18-29,Male,"$10,000-$24,999",New England,iOS Phone / Tablet
11393164858,03/04/2020 4:04:03 PM,25-34,"Under $15,000","Under $10,000",Monthly,Manage money during retirement,,Yes,I am not certain and it concerns me,Yes,"Yes, but I did not feel like it was worth it",,Didn’t learn much,,,,,Daily Budget,YNAB,,Too confusing,,,Robinhood,,,,,I liked them,Not at all,,,Reddit,,,,,,,Future,18-29,Male,"$0-$9,999",East South Central,iOS Phone / Tablet
11393164804,03/04/2020 4:04:13 PM,Under 18,"Over $150,000","Under $10,000",Daily,Other (please specify),buy a xbox,No,"Yes, I am on track",,,,,,,,,,,,,,,,,,,,,,,,,,,,,,,,18-29,Male,"$0-$9,999",South Atlantic,iOS Phone / Tablet
11393164782,03/04/2020 4:03:00 PM,18-24,"Between $100,000 and $150,000","Under $10,000",Daily,Pay all of my monthly bills,,Yes,"Yes, I am on track",No,,,,,,,,Daily Budget,,,,,,,,,,None,,Not at all,Google,,,,Online banking/brokerage website or app,,,,,Consistency,18-29,Male,Prefer not to answer,South Atlantic,iOS Phone / Tablet
11393164667,03/04/2020 4:03:31 PM,65+,"Between $15,000 and $29,999","Under $10,000",Daily,Pay all of my monthly bills,,Yes,"No, I am not on track",No,,,,Spreadsheets and documents,Mint,,,,,,they are only as good as the user and assumptions,,,,,,,nothing to manage here,they are not useful for a person whose broke. depress,,,,,,,,,,,,> 60,Male,"$10,000-$24,999",Mountain,Android Phone / Tablet
11393164617,03/04/2020 4:03:10 PM,18-24,"Between $50,000 and $74,999","$50,000 - $99,999",Monthly,Pay off debt,,Yes,"Yes, I am on track",No,,,,,,,,,,,N/A,,,,,,,,N/A,Not at all,,,Reddit,,,,,,,Paying off student loans and then saving up enough for a house down payment with low interest.,18-29,Male,"$50,000-$74,999",West North Central,iOS Phone / Tablet
11393164590,03/04/2020 4:01:55 PM,35-44,"Between $75,000 and $99,999","$10,000 - $49,999",Monthly,Pay off debt,,,I am not certain and I am okay with that,,"No, it was a free consultation",,It helped me manage my expenses,,Mint,,,,,,I actually like them,,,Robinhood,,,,,Nothing,Not at all,Google,,,,,,,,,Saving,30-44,Male,"$25,000-$49,999",Pacific,iOS Phone / Tablet
11393164573,03/04/2020 4:03:24 PM,35-44,"Under $15,000","Under $10,000",Daily,Pay off debt,,Yes,"Yes, I am on track",Yes,"Yes, it felt worth it",,I don't know,,,Clarity Money,,Daily Budget,,,I don't know,,,,,Traditional brokerage account(s),,,I don't know,"Yes, almost daily",Google,,,,,,,Credit Karma,,I don't know,30-44,Male,"$0-$9,999",West North Central,Android Phone / Tablet
11393164249,03/04/2020 4:02:44 PM,25-34,"Between $75,000 and $99,999","$50,000 - $99,999",Daily,Pay off debt,,No,I am not certain and I am okay with that,No,,,,Spreadsheets and documents,,,,Daily Budget,,,had to constantly up date it,,,Robinhood,,,,,they didn't have the stocks I was interested in,Not at all,Google,,Reddit,,,,,Credit Karma,,growing debt not being paid off,30-44,Male,"$75,000-$99,999",East South Central,Android Phone / Tablet
11393163655,03/04/2020 4:03:55 PM,55-64,"Between $100,000 and $150,000","Over $500,000",Monthly,Manage money during retirement,,Yes,"Yes, I am on track",Yes,"No, it was a free consultation",,Sign on with advisor,,,,,,,Monthly budget,Nothing,,,,,Traditional brokerage account(s),,,Nothing,"Yes, every once in a while",,,,,Online banking/brokerage website or app,,,,,Long term,45-60,Male,"$100,000-$124,999",New England,Android Phone / Tablet
11393163486,03/04/2020 4:02:37 PM,35-44,"Between $100,000 and $150,000","$100,000 - $249,999",Daily,Pay all of my monthly bills,,No,"No, I am not on track",No,,,,,Mint,,,,,,Not great at updating info,,,,,,,,Didn’t use,"Yes, every once in a while",Google,,,,,,,,,Not enough,30-44,Male,"$100,000-$124,999",East North Central,iOS Phone / Tablet
11393163427,03/04/2020 4:03:40 PM,65+,"Between $100,000 and $150,000","Over $500,000",Rarely -- I am on autopilot,I am not sure,,Yes,"Yes, I am on track",Yes,"No, it was a free consultation",,"We have an incredible financial adviser and have had for a long time.  I don't want to know anything about this, and she does a magnificent job.",,,,,,,ask my financial adviser,"Specifically, I don't know what I did not like because, specifically, I've never used any such tools.",,,,,,A wealth manager,,"Specifically, there was nothing I did not like.",Not at all,,,,,,,,,n.a.,That there will be enough of them.,> 60,Male,"$100,000-$124,999",East North Central,Windows Desktop / Laptop
11393162941,03/04/2020 4:02:23 PM,18-24,"Between $30,000 and $49,999","$10,000 - $49,999",Monthly,Pay all of my monthly bills,,No,"Yes, I am on track",Yes,"No, it was a free consultation",,Idk,,,Clarity Money,,,,,Idc,Wealthfront,,,,,,,IKR,"Yes, every once in a while",Google,Facebook,,Instagram,,,,Credit Karma,,Idkndd,18-29,Male,"$25,000-$49,999",South Atlantic,iOS Phone / Tablet
11393162853,03/04/2020 4:03:19 PM,18-24,"Between $15,000 and $29,999","Under $10,000",Monthly,Pay off debt,,No,"Yes, I am on track",No,,,,,,,Stash,,,,,,,Robinhood,,,,,,Not at all,Google,,,,,,,,,,18-29,Male,"$10,000-$24,999",Pacific,iOS Phone / Tablet
11393162847,03/04/2020 4:01:48 PM,18-24,"Between $100,000 and $150,000","$50,000 - $99,999",Weekly,Save for retirement,,Yes,I am not certain and I am okay with that,Yes,"Yes, but I did not feel like it was worth it",,The outcome of the meeting is how to save and plan for retirement.,Spreadsheets and documents,,,Stash,Daily Budget,,,The tools and services were not the easiest to use and understand.,,,Robinhood,Acorns,,,,There is not a lot of explaining in how the app works.,"Yes, every once in a while",Google,,Reddit,,Online banking/brokerage website or app,,,,,"How to save, identity theft.",18-29,Male,"$100,000-$124,999",East North Central,iOS Phone / Tablet
11393162741,03/04/2020 4:02:42 PM,25-34,"Between $30,000 and $49,999","$50,000 - $99,999",Monthly,Pay all of my monthly bills,,Yes,"Yes, I am on track",Yes,"Yes, it felt worth it",,Success,,,,Stash,Daily Budget,,,The Ads,Wealthfront,,Robinhood,Acorns,Traditional brokerage account(s),,,The Ads,"Yes, almost daily",Google,,,,,Investopedia,,Credit Karma,,The Ads,18-29,Male,"$25,000-$49,999",South Atlantic,Android Phone / Tablet
11393162347,03/04/2020 4:01:37 PM,45-54,"Between $15,000 and $29,999","Under $10,000",Daily,Pay off debt,,No,I do not have a financial plan,No,,,,,,,,,,none,,,,,,,,none,,Not at all,Google,,,,,,,,,getting to much debt couldn't pay it,45-60,Male,"$25,000-$49,999",South Atlantic,Android Phone / Tablet
11393162300,03/04/2020 4:02:11 PM,35-44,"Between $30,000 and $49,999","Under $10,000",Daily,Pay off debt,,Yes,"Yes, I am on track",Yes,"Yes, it felt worth it",,Good. Made me feel like like my finances were on track,,,,,,,Acorns,Good easy app,,,,Acorns,,,,Takes only $5 to invest,"Yes, almost daily",Google,Facebook,,,,,,,,Debt,30-44,Male,"$25,000-$49,999",West South Central,iOS Phone / Tablet
11393162132,03/04/2020 4:01:59 PM,35-44,"Between $75,000 and $99,999","$250,000 - $500,000",Daily,Save for retirement,,Yes,"Yes, I am on track",Yes,"Yes, it felt worth it",,open an investment account,,,,,Daily Budget,,,"nothing to dislike, pretty useful",,,Robinhood,,,,,Robinhood is very limited with stocks,"Yes, every once in a while",,,,,,Investopedia,NerdWallet,Credit Karma,,none,18-29,Male,"$75,000-$99,999",South Atlantic,Android Phone / Tablet
11393161790,03/04/2020 4:02:27 PM,25-34,"Between $75,000 and $99,999","$50,000 - $99,999",Weekly,Pay all of my monthly bills,,Yes,I am not certain and I am okay with that,Yes,"Yes, but I did not feel like it was worth it",,No actions,,,,Stash,Daily Budget,,,Budget,,Betterment,,,Traditional brokerage account(s),,,Inconvenient,"Yes, almost daily",,Facebook,,Instagram,,,,,,Budget,30-44,Male,"$75,000-$99,999",,iOS Phone / Tablet
11393161204,03/04/2020 4:01:49 PM,25-34,"Between $100,000 and $150,000","Over $500,000",Weekly,Buy a home,,Yes,I am not certain and I am okay with that,Yes,"No, it was a free consultation",,Not sure if he actually helped,,Mint,,,,,,"They are basic, the don't provide the human touch",,Betterment,Robinhood,Acorns,,,,Nothing,"Yes, every once in a while",Google,,,,,,,,,What way can I save more,18-29,Male,"$100,000-$124,999",Mountain,Android Phone / Tablet
11393160658,03/04/2020 4:03:02 PM,55-64,"Between $100,000 and $150,000","Over $500,000",Monthly,Save for retirement,,Yes,"Yes, I am on track",Yes,"No, it was a free consultation",,We looked at our portfolio within our 401(k) and our IRA and Assets such as Stocks and Bonds and felt secure in our initial target retirement date of 2015. We will follow up and review our asset allocations quarterly.,Spreadsheets and documents,,,,,,,Spreadsheets and other software lack certain dynamics,,,,,,A wealth manager,"ProTrader, EFTToday, ",None of these have given me the desired returns as advertised and are too slow in reacting to the markets in real time!,Not at all,,,,,,,,,From licensed professionals,That enough is never enough,45-60,Male,"$100,000-$124,999",Pacific,iOS Phone / Tablet
11393160649,03/04/2020 4:02:44 PM,45-54,"Between $50,000 and $74,999","$50,000 - $99,999",Daily,Other (please specify),Home maintenance,No,I am not certain and it concerns me,No,,,,,,,,,,"I do not use any tools or services, just a paper ledger",I've never used any of them. I don't have the money to afford these premium options.,,,,,,,None,I've never used any of them. I don't have the money to afford these premium options.,Not at all,,,,,,,,,"I don't have enough ""finances"" to seek advice.",How little of it we have.,45-60,Male,Prefer not to answer,Middle Atlantic,MacOS Desktop / Laptop
11393160599,03/04/2020 4:02:41 PM,25-34,"Between $15,000 and $29,999","Under $10,000",Daily,Pay off debt,,Yes,I am not certain and it concerns me,No,,,,Spreadsheets and documents,,,,,,,Nothing,,,,,,,Have not,No opinion,Not at all,,Facebook,,,,,,,,Bills,30-44,Male,"$25,000-$49,999",Mountain,Android Phone / Tablet
11393160548,03/04/2020 4:01:35 PM,45-54,"Between $100,000 and $150,000","Over $500,000",Daily,Save for retirement,,Yes,"No, I am not on track",No,,,,,,,,Daily Budget,,,Nothing. I like my software suite very much.,,,Robinhood,,Traditional brokerage account(s),,,"Again, nothing.",Not at all,,,,,,,,,Family and friends.,Inflation.,45-60,Male,"$200,000+",Pacific,Android Phone / Tablet
11393160539,03/04/2020 4:01:44 PM,35-44,"Between $50,000 and $74,999","$50,000 - $99,999",Monthly,Pay all of my monthly bills,,No,I am not certain and I am okay with that,No,,,,,,Clarity Money,,Daily Budget,,,Not thinking about it,Wealthfront,Betterment,,,,,,No need,Not at all,Google,,,,,,,,,Retirement,30-44,Male,"$50,000-$74,999",East North Central,iOS Phone / Tablet
11393160363,03/04/2020 4:02:07 PM,35-44,"Between $100,000 and $150,000","$250,000 - $500,000",Weekly,Pay off debt,,Yes,"Yes, I am on track",No,,,,Spreadsheets and documents,Mint,,,,YNAB,,hard to get started,,,,,Traditional brokerage account(s),,,,"Yes, every once in a while",Google,Facebook,Reddit,,,,,,,,30-44,Male,"$100,000-$124,999",Mountain,Android Phone / Tablet
11393159506,03/04/2020 4:02:30 PM,25-34,"Between $15,000 and $29,999","Under $10,000",Weekly,Pay all of my monthly bills,,Yes,I am not certain and I am okay with that,No,,,,Spreadsheets and documents,,,,,,,Limited,,,,,,,,,Not at all,Google,,,,,,,,,Not able to invest,30-44,Male,"$25,000-$49,999",East North Central,Windows Desktop / Laptop
11393158963,03/04/2020 4:02:02 PM,35-44,"Between $50,000 and $74,999","$100,000 - $249,999",Weekly,Save for retirement,,Yes,I am not certain and it concerns me,Yes,"Yes, but I did not feel like it was worth it",,Dfdfdsfd,,,,Stash,,,,Zxxx,Wealthfront,,,Acorns,,,,Safe,"Yes, every once in a while",,Facebook,,,,,NerdWallet,,,Dddfd,45-60,Male,"$10,000-$24,999",East North Central,iOS Phone / Tablet
11393158559,03/04/2020 4:01:44 PM,55-64,"Between $15,000 and $29,999","$100,000 - $249,999",Monthly,I am not sure,,Yes,I am not certain and I am okay with that,No,,,,,,,,,,,,,,,,,,,,,,,,,,,,,,,,,,,
11393158283,03/04/2020 4:01:20 PM,65+,"Between $30,000 and $49,999","Under $10,000",Daily,Pay off debt,,No,I am not certain and it concerns me,No,,,,Spreadsheets and documents,,,,,,,Not sure,,,,,,,Crimso,Not sure,Not at all,Google,,,,,,,,,Savings vs. Expenses,> 60,Male,"$25,000-$49,999",South Atlantic,Android Phone / Tablet
11393157713,03/04/2020 4:01:26 PM,25-34,"Over $150,000","Over $500,000",Weekly,Pay all of my monthly bills,,Yes,I am not certain and I am okay with that,Yes,"No, it was a free consultation",,,,,,,Daily Budget,,,,,,,,Traditional brokerage account(s),,,,"Yes, almost daily",Google,,,,Online banking/brokerage website or app,,,Credit Karma,,,18-29,Male,"$125,000-$149,999",Pacific,Android Phone / Tablet
11393156939,03/04/2020 4:01:24 PM,25-34,"Between $30,000 and $49,999","$50,000 - $99,999",Weekly,Pay all of my monthly bills,,Yes,I am not certain and I am okay with that,Yes,"Yes, but I did not feel like it was worth it",,Nana,,,Clarity Money,Stash,,,,Nana,,,Robinhood,Acorns,,,,Nana,"Yes, almost daily",Google,,,Instagram,,,,,,AnN,30-44,Male,"$25,000-$49,999",Mountain,iOS Phone / Tablet
11393155490,03/04/2020 3:58:33 PM,45-54,"Between $100,000 and $150,000","Under $10,000",Weekly,Pay off debt,,No,"No, I am not on track",No,,,,Spreadsheets and documents,,,,,,,None,,,,,,,I haven’t used any of these,None,"Yes, every once in a while",Google,,,,,,,,,It’s getting worse,45-60,Male,"$100,000-$124,999",Middle Atlantic,iOS Phone / Tablet
11393155208,03/04/2020 3:57:34 PM,18-24,"Under $15,000","$10,000 - $49,999",Daily,I am not sure,,Yes,I am not certain and I am okay with that,No,,,,,Mint,,,,,,it was fine I guess,,,Robinhood,,,,,it was okay,"Yes, almost daily",Google,,,,,,,,,that imma be broke,18-29,Male,"$0-$9,999",South Atlantic,Android Phone / Tablet
11393116546,03/04/2020 3:41:31 PM,18-24,"Between $100,000 and $150,000","Over $500,000",Daily,Pay all of my monthly bills,,Yes,I am not certain and it concerns me,No,,,,Spreadsheets and documents,,,,,,,Barebones in functionality,,,,,Traditional brokerage account(s),,,n/a,"Yes, every once in a while",Google,,Reddit,,,,,,,I won't be able to budget and spend too much on vanity items,18-29,Male,"$100,000-$124,999",West South Central,Android Phone / Tablet
11393068847,03/04/2020 3:19:53 PM,25-34,"Between $50,000 and $74,999","$100,000 - $249,999",Monthly,Save for retirement,,Yes,I am not certain and it concerns me,Yes,"Yes, it felt worth it",,it was a good time spent,,,,Stash,Daily Budget,,,its boring,,Betterment,Robinhood,,,,,its corrupt,"Yes, every once in a while",,Facebook,,Instagram,,Investopedia,,,,is it worth it,30-44,Male,"$50,000-$74,999",Pacific,Android Phone / Tablet
11393054721,03/04/2020 3:12:57 PM,25-34,"Between $50,000 and $74,999","$50,000 - $99,999",Daily,Pay off debt,,Yes,"Yes, I am on track",No,,,,Spreadsheets and documents,,,,,,Tiller,I love my spreadsheets. I have data privacy concerns with some of the apps.,,,Robinhood,,Traditional brokerage account(s),,,Good experiences so far,"Yes, every once in a while",,,,,Online banking/brokerage website or app,,NerdWallet,,,Ensuring I’m doing everything I can to maximize my savings at this stage in my career.,18-29,Male,"$50,000-$74,999",South Atlantic,iOS Phone / Tablet
11393051838,03/04/2020 3:12:39 PM,25-34,"Between $50,000 and $74,999","$50,000 - $99,999",Monthly,Pay off debt,,Yes,"Yes, I am on track",Yes,"Yes, but I did not feel like it was worth it",,I need to start being more organized,Spreadsheets and documents,,,,,,,Too much work and boring,,,,Acorns,,,,Nothing,"Yes, every once in a while",Google,Facebook,,Instagram,,,,,,Paying it off,18-29,Male,"$25,000-$49,999",South Atlantic,iOS Phone / Tablet
11393025897,03/04/2020 3:02:38 PM,45-54,"Between $15,000 and $29,999","$10,000 - $49,999",Weekly,Pay all of my monthly bills,,Yes,I am not certain and I am okay with that,No,,,,,Mint,,,Daily Budget,,,Slow,,,,Acorns,,,,Trying,"Yes, every once in a while",Google,Facebook,,,,,,,,Paid off,45-60,Male,"$10,000-$24,999",West South Central,iOS Phone / Tablet
11393024762,03/04/2020 3:02:10 PM,25-34,"Between $75,000 and $99,999","$100,000 - $249,999",Weekly,Buy a home,,Yes,"Yes, I am on track",No,,,,,,,Stash,,,,,,,,Acorns,,,,,"Yes, every once in a while",Google,,Reddit,,,,,,,,18-29,Male,"$75,000-$99,999",Middle Atlantic,Android Phone / Tablet
11393019621,03/04/2020 2:59:03 PM,25-34,"Between $50,000 and $74,999","$50,000 - $99,999",Daily,Pay off debt,,Yes,I am not certain and I am okay with that,No,,,,Spreadsheets and documents,,,,,,,I had to make my own spreadsheet.,,,Robinhood,,Traditional brokerage account(s),,,Nothing wrong with them. I just don't like investing.,"Yes, every once in a while",Google,,,,,Investopedia,,,,Will I have enough to retire.,30-44,Male,Prefer not to answer,West North Central,Android Phone / Tablet
11392987428,03/04/2020 2:41:42 PM,45-54,"Between $30,000 and $49,999","Over $500,000",Monthly,Pay off debt,,Yes,"No, I am not on track",Yes,Other (please specify),Survey,Uneventful.,Spreadsheets and documents,,,,,,,I liked them fine. I like Excel.,,,,,,A wealth manager,,Nothing. I was very pleased.,"Yes, every once in a while",,,,,,,,,Wealth Advisor,Stock market crash,45-60,Female,"$50,000-$74,999",West South Central,iOS Phone / Tablet
11392983679,03/04/2020 2:43:15 PM,55-64,"Between $50,000 and $74,999","$100,000 - $249,999",Weekly,Pay off debt,,Yes,"Yes, I am on track",Yes,"No, it was a free consultation",,Good sound advice from Wealth Management department at credit union. Met twice. Helped me build a plan.,Spreadsheets and documents,,,,,,,N/A,,,,,,A wealth manager,,N/A,"Yes, every once in a while",,,,,Online banking/brokerage website or app,,,Credit Karma,,Staying on track.,45-60,Female,"$50,000-$74,999",West North Central,Android Phone / Tablet
11392983666,03/04/2020 2:42:43 PM,65+,"Between $75,000 and $99,999","Over $500,000",Monthly,Manage money during retirement,,Yes,"Yes, I am on track",Yes,"No, it was a free consultation",,Agreed to follow plan laid out with company,Spreadsheets and documents,,,,,,,Having to update manually,,,,,Traditional brokerage account(s),A wealth manager,,Nothing,Not at all,,,,,,,,,My personal advisor,Lasting my lifetime,> 60,Female,"$75,000-$99,999",East North Central,iOS Phone / Tablet
11392983583,03/04/2020 2:42:36 PM,55-64,"Under $15,000","$10,000 - $49,999",Weekly,Pay off debt,,Yes,I am not certain and I am okay with that,Yes,"No, it was a free consultation",,I wanted to know how I could pay for my home and bills. The planner have really good suggestions and did follow up a few weeks late via email.,,,,,Daily Budget,,,It can be confusing.,,,,,Traditional brokerage account(s),,,I like it. I don't have a complaint,Not at all,,,,,,,,,none,Saving money.,45-60,Female,"$10,000-$24,999",East North Central,Android Phone / Tablet
11392983335,03/04/2020 2:43:32 PM,25-34,"Between $100,000 and $150,000","$100,000 - $249,999",Weekly,Save for retirement,,Yes,I am not certain and I am okay with that,No,,,,Spreadsheets and documents,,,,,,,"n/a, just difficult to practice what you preach",,,,,Traditional brokerage account(s),,,"impersonal, not really dissatisfied","Yes, every once in a while",Google,,Reddit,,,,,,,"not having enough saved to retire, wanting to travel more",30-44,Female,"$75,000-$99,999",Middle Atlantic,Android Phone / Tablet
11392983133,03/04/2020 2:44:01 PM,35-44,"Between $50,000 and $74,999","$100,000 - $249,999",Daily,Pay off debt,,No,I am not certain and it concerns me,No,,,,Spreadsheets and documents,,,,Daily Budget,,,,,,,,Traditional brokerage account(s),,,,"Yes, every once in a while",Google,,Reddit,,,,,Credit Karma,,putting money away,30-44,Female,"$25,000-$49,999",South Atlantic,Android Phone / Tablet
11392983077,03/04/2020 2:42:56 PM,55-64,"Under $15,000","Under $10,000",Daily,Pay off debt,,No,"Yes, I am on track",No,,,,,,,,Daily Budget,,,i didnt mind.,,,,,,,myself,maybe have to budget,Not at all,,,,,,,,,i dont,nothing,45-60,Female,"$25,000-$49,999",East North Central,Android Phone / Tablet
11392982945,03/04/2020 2:43:18 PM,45-54,"Between $75,000 and $99,999","$250,000 - $500,000",Daily,Pay off debt,,Yes,I am not certain and it concerns me,No,,,,,,,,Daily Budget,,,It’s hard to stick with the plan a service or tool provides with unexpected costs,,,,Acorns,,,,Sometimes the auto draft has caused my account to be overdrawn and I get charged bank fees,"Yes, every once in a while",,,,,Online banking/brokerage website or app,,NerdWallet,Credit Karma,,Not having enough for everyday expenses,45-60,Female,"$50,000-$74,999",New England,iOS Phone / Tablet
11392981759,03/04/2020 2:43:07 PM,25-34,"Under $15,000","Under $10,000",Daily,Save for retirement,,Yes,"Yes, I am on track",No,,,,Spreadsheets and documents,,,,,,,Complicated,,,,,,,None,It was complicated,Not at all,,,,,,,,,Family,Making enough,30-44,Female,Prefer not to answer,West South Central,iOS Phone / Tablet
11392981369,03/04/2020 2:43:53 PM,55-64,"Between $75,000 and $99,999","$50,000 - $99,999",Weekly,Pay off debt,,Yes,"Yes, I am on track",No,,,,,,,,,,every dollar,nothing,,,,,,,none,nothing,Not at all,,,,,,,,Credit Karma,,maximizing usage,45-60,Female,"$50,000-$74,999",West North Central,Android Phone / Tablet
11392981240,03/04/2020 2:43:31 PM,45-54,"Between $75,000 and $99,999","$50,000 - $99,999",Daily,Save for retirement,,Yes,"Yes, I am on track",No,,,,,,,,Daily Budget,,,I just don’t bring in enough income to use any service right now,,,Robinhood,Acorns,,,,Acorns was useless to me. I love  Robinhood though,Not at all,,,,,Online banking/brokerage website or app,,NerdWallet,,,Not having enough money to survive on retirement,45-60,Female,"$75,000-$99,999",New England,iOS Phone / Tablet
11392981055,03/04/2020 2:43:57 PM,25-34,"Between $50,000 and $74,999","$100,000 - $249,999",Daily,Pay off debt,,Yes,"Yes, I am on track",Yes,"No, it was a free consultation",,Retirement savings,Spreadsheets and documents,,,,,,,Was left to figure things out on my own. No support.,,,Robinhood,,,,,Confusing to use.,"Yes, every once in a while",Google,,,,,,NerdWallet,,,Want to be out of debt.,18-29,Female,"$50,000-$74,999",Middle Atlantic,iOS Phone / Tablet
11392981005,03/04/2020 2:43:40 PM,35-44,"Between $15,000 and $29,999","Under $10,000",Daily,Pay all of my monthly bills,,No,I am not certain and it concerns me,No,,,,Spreadsheets and documents,,,,,,,they are hard to use and can be quite confusing.,,,,Acorns,,,,it was very easy to set up and use. it's also very clear what it 8s doing and how it is helping u,Not at all,Google,,,,,,,,,being able to afford to pay all my bills,30-44,Female,"$10,000-$24,999",East South Central,Android Phone / Tablet
11392980615,03/04/2020 2:41:55 PM,25-34,"Between $15,000 and $29,999","$10,000 - $49,999",Weekly,Pay off debt,,Yes,"No, I am not on track",No,,,,,,,,Daily Budget,,,they don't help me,Wealthfront,,,,,,,nothing,"Yes, every once in a while",Google,Facebook,,,Online banking/brokerage website or app,,,Credit Karma,,interest,30-44,Female,"$50,000-$74,999",New England,Android Phone / Tablet
11392980604,03/04/2020 2:43:49 PM,35-44,"Between $30,000 and $49,999","$50,000 - $99,999",Weekly,Pay all of my monthly bills,,Yes,"Yes, I am on track",No,,,,,,,,Daily Budget,,,Feeling like I have money saved but have to still stick to a budget,Wealthfront,,,,,A wealth manager,,Someone else may not having your best interests in mind,"Yes, every once in a while",Google,Facebook,Reddit,,,,,,,Having enough money for emergency situations,30-44,Female,"$50,000-$74,999",Mountain,iOS Phone / Tablet
11392979581,03/04/2020 2:43:28 PM,35-44,"Between $50,000 and $74,999","$10,000 - $49,999",Daily,Pay off debt,,Yes,"No, I am not on track",No,,,,Spreadsheets and documents,,,,,,,did not keep me accountable,,,,,,,none of the above,did not use,,Google,,,,,,,,,debt,30-44,Female,"$50,000-$74,999",South Atlantic,Android Phone / Tablet
11392979485,03/04/2020 2:42:16 PM,25-34,"Between $50,000 and $74,999","$100,000 - $249,999",Monthly,Buy a home,,Yes,"Yes, I am on track",No,,,,,,,Stash,,,,there isn't anything i don't like.,,,,Acorns,,,,"sometimes there is a delay in the time it take for the spare change to come out of my account, and it makes me go negative sometimes.","Yes, every once in a while",Google,,,,,,NerdWallet,,,my credit score,18-29,Female,"$25,000-$49,999",West South Central,Android Phone / Tablet
11392979219,03/04/2020 2:45:18 PM,18-24,"Under $15,000","Under $10,000",Weekly,Pay all of my monthly bills,,Yes,I am not certain and it concerns me,No,,,,,,,,Daily Budget,,,not very consuming,,,,Acorns,,,,very time consuming,"Yes, almost daily",Google,Facebook,,,,,,,,having the money for bills,18-29,Female,"$0-$9,999",Mountain,Android Phone / Tablet
11392978776,03/04/2020 2:42:59 PM,35-44,"Under $15,000","Under $10,000",Daily,Pay off debt,,No,"Yes, I am on track",No,,,,,,,Stash,,,,don’t know,,,,,,,don’t know,don’t know,Not at all,Google,,,,Online banking/brokerage website or app,,,,,don’t know,30-44,Female,"$0-$9,999",Mountain,iOS Phone / Tablet
11392978730,03/04/2020 2:41:54 PM,18-24,"Between $50,000 and $74,999","$10,000 - $49,999",Daily,Save for retirement,,Yes,I am not certain and it concerns me,Yes,"No, it was a free consultation",,It was a nice meeting and I learned something new.,Spreadsheets and documents,Mint,,,Daily Budget,,,No comments  I like them!,,,,,Traditional brokerage account(s),,,It’s convenient and easy.,"Yes, every once in a while",Google,,,,Online banking/brokerage website or app,,,,,To find stable investments,18-29,Female,"$25,000-$49,999",Pacific,iOS Phone / Tablet
11392978719,03/04/2020 2:43:48 PM,18-24,"Under $15,000","Under $10,000",Monthly,Pay all of my monthly bills,,Yes,I am not certain and I am okay with that,No,,,,Spreadsheets and documents,,,,,,,forget about it sometimes,,,,,,,none,n/a,"Yes, every once in a while",Google,,,,,,,,,paying on time,18-29,Female,Prefer not to answer,Pacific,Android Phone / Tablet
11392978432,03/04/2020 2:42:45 PM,18-24,"Under $15,000","Under $10,000",Weekly,Pay off debt,,No,I am not certain and it concerns me,,"No, it was a free consultation",,The outcome was I need to not impulsively buy things so much if I want to pay off debts.,Spreadsheets and documents,,,,,,,N/A,,,,,,A wealth manager,,N/A,Not at all,Google,,,,,,,,,I need save more money than I spend,18-29,Female,"$100,000-$124,999",South Atlantic,iOS Phone / Tablet
11392978337,03/04/2020 2:42:23 PM,55-64,"Between $100,000 and $150,000","$50,000 - $99,999",Weekly,I am not sure,,Yes,"Yes, I am on track",Yes,Other (please specify),They do it for free because I know someone,Awesome,,,,,Daily Budget,,,Nothing,,,,,Traditional brokerage account(s),,,Nothing,Not at all,,,,,Online banking/brokerage website or app,,,,,World tips over,45-60,Female,Prefer not to answer,Pacific,iOS Phone / Tablet
11392977731,03/04/2020 2:42:17 PM,45-54,"Between $30,000 and $49,999","$10,000 - $49,999",Daily,Pay off debt,,Yes,"Yes, I am on track",No,,,,Spreadsheets and documents,,,,,,,,,,,,,,,,Not at all,,,,,Online banking/brokerage website or app,,,,,,45-60,Female,"$10,000-$24,999",Mountain,iOS Phone / Tablet
11392977693,03/04/2020 2:43:06 PM,18-24,"Between $15,000 and $29,999","$10,000 - $49,999",Rarely -- I am on autopilot,Pay off debt,,Yes,I am not certain and it concerns me,,"No, it was a free consultation",,,,,,,,,Na,Na,,,,,,,Na,Na,Not at all,Google,,,,Online banking/brokerage website or app,,,Credit Karma,,Na,18-29,Female,Prefer not to answer,West South Central,iOS Phone / Tablet
11392977133,03/04/2020 2:43:32 PM,35-44,"Between $30,000 and $49,999","Under $10,000",Daily,Pay all of my monthly bills,,No,I am not certain and it concerns me,No,,,,,Mint,,,,,,No,,,,,Traditional brokerage account(s),,,No,Not at all,Google,,,,,,,,,No,30-44,Female,"$25,000-$49,999",South Atlantic,iOS Phone / Tablet
11392977060,03/04/2020 2:43:36 PM,18-24,"Between $15,000 and $29,999","$50,000 - $99,999",Weekly,Saving for child’s college,,No,I am not certain and I am okay with that,Yes,"No, it was a free consultation",,More questions,Spreadsheets and documents,,,,Daily Budget,,,Organized,,Betterment,Robinhood,,,,,Small,"Yes, every once in a while",,Facebook,,Instagram,,,NerdWallet,,,Saving,18-29,Female,"$25,000-$49,999",West South Central,iOS Phone / Tablet
11392976942,03/04/2020 2:43:20 PM,25-34,"Between $75,000 and $99,999","$10,000 - $49,999",Daily,Pay off debt,,Yes,I am not certain and it concerns me,No,,,,,,,Stash,Daily Budget,,,Nothing is as integrated as I want,,,,Acorns,,,,Not enough knowledge,"Yes, every once in a while",Google,,,,Online banking/brokerage website or app,,,Credit Karma,,I’ll never be able to save enough,18-29,Female,"$75,000-$99,999",Middle Atlantic,iOS Phone / Tablet
11392976891,03/04/2020 2:42:22 PM,25-34,"Between $30,000 and $49,999","$100,000 - $249,999",Daily,Pay all of my monthly bills,,Yes,I am not certain and it concerns me,No,,,,Spreadsheets and documents,,,,,,binders and paper,simple and easy to track,,,,,Traditional brokerage account(s),,,the information isn't very clear,Not at all,Google,,,,,,,Credit Karma,,Retirement,30-44,Female,"$50,000-$74,999",Mountain,Android Phone / Tablet
11392976808,03/04/2020 2:43:33 PM,55-64,"Between $50,000 and $74,999","$100,000 - $249,999",Daily,Pay off debt,,No,I do not have a financial plan,No,,,,,,,,,,,,,,,,,,,,"Yes, every once in a while",Google,,,,,,,,,,> 60,Female,"$50,000-$74,999",South Atlantic,MacOS Desktop / Laptop
11392976593,03/04/2020 2:43:07 PM,55-64,"Between $75,000 and $99,999","$50,000 - $99,999",Monthly,Manage money during retirement,,No,I am not certain and it concerns me,No,,,,,,,Stash,,,,N/A,,,,,,,N/A,N/A,Not at all,,,,,,,,,N/A,N/A,> 60,Female,"$75,000-$99,999",South Atlantic,Android Phone / Tablet
11392976482,03/04/2020 2:41:50 PM,55-64,"Between $50,000 and $74,999","$100,000 - $249,999",Daily,Save for retirement,,Yes,"Yes, I am on track",No,,,,,,,,,,None,I didn’t use them. I was not aware of these tools.,,,,,,,None,Not applicable,Not at all,Google,,,,,,,,,Retirement because I’m divorced and I never remarried so I’m not sure how I will manage it.,45-60,Female,"$25,000-$49,999",Mountain,iOS Phone / Tablet
11392976268,03/04/2020 2:43:17 PM,35-44,"Between $100,000 and $150,000","$10,000 - $49,999",Daily,Pay off debt,,No,"No, I am not on track",No,,,,Spreadsheets and documents,,,,,,,They are fine. Just need to make more!,,,Robinhood,,,,,It was fine,Not at all,,,,,,,,,I don’t,Getting out of debt,30-44,Female,"$100,000-$124,999",Middle Atlantic,iOS Phone / Tablet
11392976199,03/04/2020 2:43:11 PM,65+,"Between $100,000 and $150,000","Over $500,000",Monthly,Pay all of my monthly bills,,No,"Yes, I am on track",Yes,"No, it was a free consultation",,it was too expensive to consider,,,,,,,my own system,,,,,,,,none of the above,I do not like to do things on the web,Not at all,,,,,,,,,family and my broker,outliving my assets,> 60,Female,"$75,000-$99,999",Middle Atlantic,Windows Desktop / Laptop
11392976077,03/04/2020 2:42:15 PM,35-44,"Between $75,000 and $99,999","$10,000 - $49,999",Rarely -- I am on autopilot,Pay off debt,,Yes,"Yes, I am on track",No,,,,Spreadsheets and documents,,,,Daily Budget,,,easy to make mistakes or underestimate,,,,,,,none,na,Not at all,Google,,,,Online banking/brokerage website or app,,NerdWallet,Credit Karma,,student debt payback in a quick manner,30-44,Female,"$75,000-$99,999",New England,Windows Desktop / Laptop
11392975927,03/04/2020 2:43:20 PM,55-64,"Between $50,000 and $74,999","Over $500,000",Monthly,Save for retirement,,Yes,"Yes, I am on track",Yes,"No, it was a free consultation",,no new info.,Spreadsheets and documents,,,,,,,n/a,,,,,Traditional brokerage account(s),,,n/a,Not at all,,,,,,,,,TIAA/CREF,economy/bad government,45-60,Female,"$50,000-$74,999",West South Central,Windows Desktop / Laptop
11392975922,03/04/2020 2:42:34 PM,45-54,"Between $30,000 and $49,999","$10,000 - $49,999",Daily,Pay all of my monthly bills,,Yes,I am not certain and it concerns me,No,,,,,Mint,,,,,,Confusing,,,,,,,None,To confusing,Not at all,,,,,Online banking/brokerage website or app,,NerdWallet,,,Credit score,45-60,Female,"$10,000-$24,999",West South Central,Android Phone / Tablet
11392975737,03/04/2020 2:42:24 PM,25-34,"Under $15,000","Under $10,000",Daily,Pay all of my monthly bills,,No,I am not certain and it concerns me,No,,,,,,,,Daily Budget,,,,,,,,,,,,Not at all,Google,,,,,,,,,,30-44,Female,"$10,000-$24,999",East North Central,Android Phone / Tablet
11392975673,03/04/2020 2:42:39 PM,25-34,"Between $100,000 and $150,000","$100,000 - $249,999",Daily,Pay off debt,,Yes,I am not certain and I am okay with that,No,,,,,,,,,,Excel,I don’t need them because I can use excel to budget,,,,,,,None,I don’t like them so I don’t use them,Not at all,,,,,,,,Credit Karma,,Being able to pay them off in a remedy manner,18-29,Female,"$75,000-$99,999",Mountain,iOS Phone / Tablet
11392975648,03/04/2020 2:43:12 PM,18-24,"Between $50,000 and $74,999","$50,000 - $99,999",Daily,Pay off debt,,Yes,"Yes, I am on track",Yes,"Yes, it felt worth it",,,Spreadsheets and documents,Mint,,,,,,,Wealthfront,,,Acorns,Traditional brokerage account(s),,,,,Google,Facebook,,Instagram,,,,,,,18-29,Female,"$50,000-$74,999",New England,iOS Phone / Tablet
11392975458,03/04/2020 2:43:13 PM,25-34,"Under $15,000","Under $10,000",Monthly,I am not sure,,No,"No, I am not on track",No,,,,,,,,,,None,None,,,,,,,Nope,Nope,Not at all,,,,,,,,,Don't,??,30-44,Female,"$0-$9,999",West South Central,Android Phone / Tablet
11392974516,03/04/2020 2:42:58 PM,25-34,"Between $75,000 and $99,999","Under $10,000",Daily,Pay all of my monthly bills,,Yes,"Yes, I am on track",Yes,"Yes, but I did not feel like it was worth it",,ghvfg,,,Clarity Money,,,,,gjbgy,,Betterment,,,,,,bhcvg,"Yes, every once in a while",,,,,Online banking/brokerage website or app,,,,,vjbg,30-44,Female,"$50,000-$74,999",New England,Android Phone / Tablet
11392973450,03/04/2020 2:41:33 PM,45-54,"Between $15,000 and $29,999","Under $10,000",Daily,Pay all of my monthly bills,,No,I do not have a financial plan,No,,,,,,,,,,none,n/a,,,Robinhood,,,,,nothing,Not at all,,,,,,,,,n/a,just surviving day to day,45-60,Female,"$10,000-$24,999",Mountain,Android Phone / Tablet
11392973226,03/04/2020 2:41:31 PM,35-44,"Between $100,000 and $150,000","$10,000 - $49,999",Daily,Pay off debt,,Yes,"Yes, I am on track",No,,,,Spreadsheets and documents,,,,Daily Budget,,,Easy to use,,,,,,A wealth manager,,None,"Yes, every once in a while",Google,,,,,,,,,Long term debt,30-44,Female,"$25,000-$49,999",Middle Atlantic,iOS Phone / Tablet
11392972804,03/04/2020 2:41:37 PM,18-24,"Between $15,000 and $29,999","Under $10,000",Daily,Pay off debt,,No,I do not have a financial plan,No,,,,,,,Stash,,,,Wasn’t seeing any difference,,,,Acorns,,,,The cost of it,Not at all,,,,Instagram,,,,,,To save money and still be able to survive and take care of my student loans,18-29,Female,"$10,000-$24,999",West South Central,iOS Phone / Tablet
11392972695,03/04/2020 2:42:13 PM,25-34,"Between $50,000 and $74,999","$100,000 - $249,999",Weekly,Pay all of my monthly bills,,Yes,I am not certain and I am okay with that,Yes,"Yes, but I did not feel like it was worth it",,Yeah that’s why I’m,,Mint,,,Daily Budget,YNAB,,Yeah that’s,Wealthfront,,,,,,,Yeah I’m going on,"Yes, every once in a while",,Facebook,,Instagram,,,,Credit Karma,,Yeah I’m gonna,18-29,Female,"$25,000-$49,999",South Atlantic,iOS Phone / Tablet
11392972496,03/04/2020 2:41:56 PM,35-44,"Between $75,000 and $99,999","$10,000 - $49,999",Daily,Pay off debt,,Yes,I am not certain and it concerns me,No,,,,Spreadsheets and documents,,,,Daily Budget,YNAB,,,,,,,Traditional brokerage account(s),,,,Not at all,Google,,,,,,,,,,30-44,Female,"$75,000-$99,999",Mountain,iOS Phone / Tablet
11392972345,03/04/2020 2:41:46 PM,18-24,"Between $30,000 and $49,999","Under $10,000",Daily,Pay all of my monthly bills,,Yes,"Yes, I am on track",No,,,,Spreadsheets and documents,,,,,,,,,,,,Traditional brokerage account(s),,,,Not at all,,,,,Online banking/brokerage website or app,,,Credit Karma,,,18-29,Female,"$25,000-$49,999",East North Central,iOS Phone / Tablet
11392971990,03/04/2020 2:41:27 PM,65+,"Between $100,000 and $150,000","Over $500,000",Daily,Pay off debt,,Yes,I am not certain and I am okay with that,Yes,"No, it was a free consultation",,Very comfortable with the plans we made for long term investment.,,,,,,,No specific tools,Did not use,,,,,,A wealth manager,,He is keeping us on track,Not at all,,,,,,,,,Our financial advisor,Having enough money,> 60,Female,Prefer not to answer,Pacific,MacOS Desktop / Laptop
11392971265,03/04/2020 2:41:33 PM,65+,"Between $50,000 and $74,999","$100,000 - $249,999",Monthly,Pay all of my monthly bills,,Yes,"Yes, I am on track",Yes,"No, it was a free consultation",,We cancelled our life insurance policies.,,,,,,,none,n/a,,,,,,,none,n/a,Not at all,,,,,,,,,insurance agent,none,> 60,Female,"$75,000-$99,999",Pacific,MacOS Desktop / Laptop
11392968774,03/04/2020 2:39:55 PM,25-34,"Between $30,000 and $49,999","Under $10,000",Weekly,Pay all of my monthly bills,,No,I am not certain and it concerns me,No,,,,,,,,Daily Budget,,,nothing,,,,Acorns,,,,I don't get it.,Not at all,Google,Facebook,,,Online banking/brokerage website or app,,NerdWallet,,,saving for emergencies,30-44,Female,"$25,000-$49,999",South Atlantic,Android Phone / Tablet
11392966296,03/04/2020 2:37:24 PM,25-34,"Between $15,000 and $29,999","$10,000 - $49,999",Daily,Pay off debt,,Yes,I am not certain and it concerns me,Yes,"No, it was a free consultation",,"I lost my job, met with someone who helped me figure out a way forward, applied for unemployment and redirected some of my stocks into paying off some debt. helped me manage my stress",,,,,,,n/a,n/a,,,,Acorns,Traditional brokerage account(s),,,can be hard to manage portfolio to my specific likings,"Yes, every once in a while",Google,,Reddit,,,,,,,student loan debt,30-44,Female,"$10,000-$24,999",Pacific,Android Phone / Tablet
11392886886,03/04/2020 2:09:33 PM,18-24,"Between $75,000 and $99,999","$50,000 - $99,999",Daily,Pay off debt,,Yes,"Yes, I am on track",No,,,,Spreadsheets and documents,Mint,,,Daily Budget,,,,,,,,,,,,"Yes, every once in a while",Google,,Reddit,,Online banking/brokerage website or app,,NerdWallet,Credit Karma,,,18-29,Male,Prefer not to answer,East North Central,iOS Phone / Tablet
11392871378,03/04/2020 1:59:53 PM,35-44,"Between $75,000 and $99,999","$50,000 - $99,999",Monthly,Buy a home,,Yes,"Yes, I am on track",Yes,"Yes, it felt worth it",,It gave me a fair understanding on how to spread my investments to be safe n secured for retirement. I do follow up with my consultant on timing of investment,Spreadsheets and documents,Mint,,,,,,Nothing specific,,,Robinhood,,Traditional brokerage account(s),,,Find it cost effective,"Yes, every once in a while",,,,,,,,,Friends and family,Fluctuating market,30-44,Female,"$75,000-$99,999",Pacific,iOS Phone / Tablet
11392867055,03/04/2020 2:01:07 PM,25-34,"Between $100,000 and $150,000","$10,000 - $49,999",Weekly,Pay off debt,,No,I am not certain and it concerns me,No,,,,,,,Stash,,,,Expensive,,,Robinhood,Acorns,,,,Pricing,Not at all,,,,,,,,Credit Karma,,Money,30-44,Male,"$25,000-$49,999",Pacific,iOS Phone / Tablet
11392784049,03/04/2020 1:07:57 PM,45-54,"Between $50,000 and $74,999","$50,000 - $99,999",Daily,Pay all of my monthly bills,,No,I am not certain and I am okay with that,No,,,,,,,,,,none,adding personal information,,,,,,,none,personal information,Not at all,,,,,,,,,USAA,not having enough,45-60,Female,"$50,000-$74,999",South Atlantic,Android Phone / Tablet
11392783096,03/04/2020 1:30:14 PM,55-64,"Between $100,000 and $150,000","Over $500,000",Daily,Pay all of my monthly bills,,No,I do not have a financial plan,No,,,,,,,,,,None,Na,,,,,,,None,NA,Not at all,,,,,,,,,I don’t,Being able to afford to retire,> 60,Male,"$75,000-$99,999",Mountain,iOS Phone / Tablet
11392781381,03/04/2020 1:31:09 PM,18-24,"Under $15,000","Under $10,000",Monthly,Pay all of my monthly bills,,Yes,"Yes, I am on track",No,,,,,Mint,,,,,,East to use,,Betterment,,,,,,Complicated,Not at all,Google,,,,,,,,,Debt,18-29,Female,"$0-$9,999",Pacific,iOS Phone / Tablet
11392775913,03/04/2020 1:30:14 PM,25-34,"Between $50,000 and $74,999","$50,000 - $99,999",Weekly,Pay all of my monthly bills,,Yes,I am not certain and it concerns me,Yes,"No, it was a free consultation",,?,,Mint,,Stash,,,,?,,,Robinhood,,,A wealth manager,,?,"Yes, every once in a while",Google,Facebook,Reddit,Instagram,,Investopedia,,,,?,18-29,Male,"$50,000-$74,999",Pacific,iOS Phone / Tablet
11392758306,03/04/2020 1:21:32 PM,35-44,"Between $100,000 and $150,000","$250,000 - $500,000",Daily,Save for retirement,,Yes,"Yes, I am on track",Yes,"No, it was a free consultation",,felt reassured. Gained knowledge of new services and ways to grow my money while reducing risk,Spreadsheets and documents,,,,,,,time it takes to enter everything,,,,,Traditional brokerage account(s),A wealth manager,,salesperson vibe sometimes or wondering if I'm making the right decisions,"Yes, every once in a while",Google,,,,Online banking/brokerage website or app,,NerdWallet,Credit Karma,,losing money,30-44,Female,"$125,000-$149,999",East North Central,Android Phone / Tablet
11392757262,03/04/2020 1:21:39 PM,55-64,"Between $100,000 and $150,000","$250,000 - $500,000",Rarely -- I am on autopilot,Other (please specify),Paying off mortgage,No,I am not certain and it concerns me,No,,,,,,,,,,na,na,,,,,,,none,na,Not at all,,,,,,,,Credit Karma,,retirement,> 60,Female,"$125,000-$149,999",East North Central,Android Phone / Tablet
11392756324,03/04/2020 1:21:31 PM,45-54,"Between $30,000 and $49,999","$10,000 - $49,999",Weekly,Pay off debt,,Yes,"Yes, I am on track",No,,,,Spreadsheets and documents,,,,,,,,,,,,Traditional brokerage account(s),,,Nothing,Not at all,Google,,,,,,,,,Retirement,45-60,Female,"$25,000-$49,999",West South Central,iOS Phone / Tablet
11392752486,03/04/2020 1:21:36 PM,25-34,"Between $50,000 and $74,999","$100,000 - $249,999",Daily,Save for retirement,,Yes,"Yes, I am on track",Yes,"Yes, it felt worth it",,Ok,,,,,Daily Budget,,,Ok,,,,Acorns,,,,,"Yes, almost daily",,Facebook,,,,,,,,Ok,30-44,Female,"$50,000-$74,999",Pacific,iOS Phone / Tablet
11392750483,03/04/2020 1:21:34 PM,18-24,"Between $50,000 and $74,999","$50,000 - $99,999",Weekly,Buy a home,,Yes,I am not certain and it concerns me,Yes,"Yes, but I did not feel like it was worth it",,Ya know I got it to refunded me the shipping,,,,Stash,,,,Ya know I don’t want it it will get,,,Robinhood,Acorns,,,,Hmmm what I ya know better I can,"Yes, every once in a while",,Facebook,,,,Investopedia,,,,Hmmm I don’t understand what about this happens,30-44,Female,"$50,000-$74,999",West South Central,iOS Phone / Tablet
11392743178,03/04/2020 1:18:22 PM,25-34,"Between $15,000 and $29,999","$10,000 - $49,999",Weekly,Pay all of my monthly bills,,Yes,I am not certain and I am okay with that,Yes,"Yes, it felt worth it",,sunset weather,,,,,Daily Budget,,,not good servise,,,,,Traditional brokerage account(s),,,not good,"Yes, almost daily",,Facebook,,,,,,,,facebook,18-29,Female,"$0-$9,999",West South Central,iOS Phone / Tablet
11392705399,03/04/2020 1:05:20 PM,35-44,"Between $75,000 and $99,999","$100,000 - $249,999",Daily,Buy a home,,No,"No, I am not on track",No,,,,Spreadsheets and documents,,,,,,,"made it myself,  didnt stick to it",,,Robinhood,Acorns,,,,just started,"Yes, every once in a while",Google,,,,,,,,,not enough money,30-44,Female,"$50,000-$74,999",South Atlantic,Android Phone / Tablet
11392690761,03/04/2020 1:01:09 PM,25-34,"Between $50,000 and $74,999","$10,000 - $49,999",Rarely -- I am on autopilot,Pay all of my monthly bills,,No,I do not have a financial plan,No,,,,,,,,,,None,,,,Robinhood,Acorns,,,,,Not at all,Google,,,,Online banking/brokerage website or app,Investopedia,,,,,18-29,Female,"$50,000-$74,999",West South Central,iOS Phone / Tablet
11392681648,03/04/2020 12:57:59 PM,18-24,"Between $30,000 and $49,999","$10,000 - $49,999",Daily,I am not sure,,Yes,"Yes, I am on track",No,,,,Spreadsheets and documents,,,,,,,Time consuming.,,,,,Traditional brokerage account(s),,,Time consuming.,"Yes, every once in a while",Google,,Reddit,,Online banking/brokerage website or app,,,,,Everything.,18-29,Male,Prefer not to answer,East North Central,iOS Phone / Tablet
11392645154,03/04/2020 12:46:43 PM,25-34,"Between $75,000 and $99,999","Under $10,000",Weekly,Pay off debt,,Yes,I am not certain and it concerns me,No,,,,Spreadsheets and documents,Mint,,,,,,security and automation,,,,,,,,,"Yes, every once in a while",Google,,Reddit,,,,,,,paying debt to increase credit score,18-29,Male,"$75,000-$99,999",East North Central,Android Phone / Tablet
11392644439,03/04/2020 12:46:25 PM,35-44,"Between $50,000 and $74,999","Under $10,000",Daily,Other (please specify),vacation,Yes,"No, I am not on track",No,,,,,,,,,,none,,,,,,,,none,,Not at all,Google,,,,,,,,,,30-44,Female,"$10,000-$24,999",West North Central,Android Phone / Tablet
11392618647,03/04/2020 12:37:59 PM,35-44,"Over $150,000","$250,000 - $500,000",Monthly,Save for retirement,,No,"Yes, I am on track",No,,,,Spreadsheets and documents,Mint,,,,,,Didn’t use them much,,,,,Traditional brokerage account(s),,,,Not at all,Google,,,,,,,,,Having enough saved for retirement and my sons college,30-44,Female,"$125,000-$149,999",East North Central,iOS Phone / Tablet
11392607057,03/04/2020 12:31:32 PM,25-34,"Between $15,000 and $29,999","Under $10,000",Daily,Pay all of my monthly bills,,No,I do not have a financial plan,No,,,,,,,,,,N/A,N/A,,,,,,,,,Not at all,Google,,,,,,,,Family members,I don’t make enough money and rent is too high.,18-29,Female,"$25,000-$49,999",Pacific,iOS Phone / Tablet
11392580709,03/04/2020 12:23:23 PM,65+,"Between $100,000 and $150,000","$50,000 - $99,999",Daily,Pay all of my monthly bills,,No,I do not have a financial plan,Yes,"No, it was a free consultation",,I really like the man. My financial situation changed drastically and the money I would have invested with him was used for medical procedures,,Mint,,,,,,I haven't fully set it up,,,,,Traditional brokerage account(s),,,I had no problems using those services,Not at all,,,,,Online banking/brokerage website or app,,,Credit Karma,knowledgeable friends,I have not enough money currently due to emergency issues the past three months and am unable to meet my monthly obligations and have fallen behind on my bills,> 60,Female,"$200,000+",Pacific,Android Phone / Tablet
11392580418,03/04/2020 12:26:07 PM,25-34,"Under $15,000","Under $10,000",Daily,Pay all of my monthly bills,,Yes,I am not certain and I am okay with that,No,,,,,,,,,,none,"nothing, because i dont use any",,,,Acorns,,,,nothing,Not at all,Google,Facebook,,,,,,Credit Karma,,paying my bills,18-29,Male,"$10,000-$24,999",Middle Atlantic,Android Phone / Tablet
11392579981,03/04/2020 12:25:34 PM,18-24,"Under $15,000","Under $10,000",Rarely -- I am on autopilot,Other (please specify),graduate school,No,I am not certain and I am okay with that,No,,,,Spreadsheets and documents,,,,,,,"on my own, not knowing much of what to do",,,,,,,n/a,n/a,Not at all,Google,,,,,,,,,n/a,18-29,Female,"$10,000-$24,999",East North Central,Android Phone / Tablet
11392569034,03/04/2020 12:23:16 PM,35-44,"Between $75,000 and $99,999","$100,000 - $249,999",Weekly,Pay off debt,,Yes,"Yes, I am on track",No,,,,,,,,,,Just notes to track it myself,Not required for me,,,,,Traditional brokerage account(s),,,Not needed,Not at all,,,,,Online banking/brokerage website or app,,,,,Paying off debt,30-44,Female,"$75,000-$99,999",Pacific,iOS Phone / Tablet
11392557702,03/04/2020 12:19:02 PM,18-24,"Between $75,000 and $99,999","Under $10,000",Daily,Other (please specify),Pay for college,Yes,I am not certain and it concerns me,No,,,,Spreadsheets and documents,,,,,,,lots of effort to set up,,,,,,,none,have not used,"Yes, every once in a while",Google,,Reddit,,Online banking/brokerage website or app,,NerdWallet,,,I don't have a job,18-29,Male,Prefer not to answer,Pacific,Android Phone / Tablet
11392505608,03/04/2020 12:02:25 PM,25-34,"Between $100,000 and $150,000","Under $10,000",Rarely -- I am on autopilot,Buy a home,,No,"No, I am not on track",No,,,,,,,,,,none,nothing as there is no plan,,,,,,,none,same as before,"Yes, every once in a while",Google,,Reddit,,,,,,,making the money,30-44,Male,"$75,000-$99,999",Pacific,Android Phone / Tablet
11392505198,03/04/2020 12:01:14 PM,25-34,"Under $15,000","Under $10,000",Daily,Pay all of my monthly bills,,Yes,"Yes, I am on track",No,,,,Spreadsheets and documents,,,Stash,,,,I don't want to put my money into them,,,,,,,none,have not used any,Not at all,,,,,,,,,no where,keeping up,18-29,Female,"$10,000-$24,999",Pacific,Android Phone / Tablet
11392503447,03/04/2020 12:01:34 PM,25-34,"Between $15,000 and $29,999","$10,000 - $49,999",Weekly,I am not sure,,Yes,I am not certain and it concerns me,No,,,,Spreadsheets and documents,Mint,,,,,,...,,,,,,,none,...,Not at all,,,,,,,,,none,Retirement finances,30-44,Female,Prefer not to answer,East North Central,Android Phone / Tablet
11392502110,03/04/2020 12:01:08 PM,45-54,"Between $30,000 and $49,999","Under $10,000",Daily,Pay all of my monthly bills,,No,"No, I am not on track",No,,,,Spreadsheets and documents,,,,,,,I like using spreadsheets,,,,,,,None,Nothing,"Yes, every once in a while",Google,,,,,,,Credit Karma,,Not having enough money to take care of my children,45-60,Female,"$25,000-$49,999",Mountain,iOS Phone / Tablet
11392500837,03/04/2020 12:01:18 PM,18-24,"Between $50,000 and $74,999","$10,000 - $49,999",Daily,Buy a home,,Yes,I am not certain and I am okay with that,Yes,"No, it was a free consultation",,,Spreadsheets and documents,,,,Daily Budget,,,,,,,,Traditional brokerage account(s),,,,"Yes, every once in a while",Google,,,Instagram,,,,,,,18-29,Female,"$0-$9,999",West South Central,iOS Phone / Tablet
11392479959,03/04/2020 11:55:34 AM,65+,"Between $75,000 and $99,999","$50,000 - $99,999",Rarely -- I am on autopilot,I am not sure,,Yes,"Yes, I am on track",Yes,"No, it was a free consultation",,little,Spreadsheets and documents,,,,,,,ease,,,,,Traditional brokerage account(s),,,nothing,Not at all,,,,,Online banking/brokerage website or app,,,,,expenditures,> 60,Female,Prefer not to answer,East North Central,Windows Desktop / Laptop
11392453374,03/04/2020 11:45:58 AM,18-24,"Between $30,000 and $49,999","$10,000 - $49,999",Weekly,Pay all of my monthly bills,,No,I do not have a financial plan,No,,,,,,,,Daily Budget,,,,,,,,,,Principal,It is easy to use and understand,"Yes, every once in a while",,,,,Online banking/brokerage website or app,,,,,Making sure I can pay bills,18-29,Male,"$25,000-$49,999",West South Central,iOS Phone / Tablet
11392409145,03/04/2020 11:33:30 AM,25-34,"Between $50,000 and $74,999","$10,000 - $49,999",Daily,Manage money during retirement,,Yes,I am not certain and it concerns me,No,,,,Spreadsheets and documents,,,,,,,formulas and tracking,,,,,Traditional brokerage account(s),,,difficult to use,Not at all,Google,,,,,,,,,having enough for retirement,18-29,Male,"$50,000-$74,999",Mountain,Android Phone / Tablet
11392407978,03/04/2020 11:33:33 AM,35-44,"Between $75,000 and $99,999","$100,000 - $249,999",Weekly,Pay off debt,,Yes,I am not certain and it concerns me,No,,,,,Mint,,,,,,I haven’t used them,,,,,,,None,I haven’t used them,"Yes, every once in a while",,Facebook,,,Online banking/brokerage website or app,,,,Dave Ramsey,Providing for my family,30-44,Male,"$100,000-$124,999",South Atlantic,iOS Phone / Tablet
11392406507,03/04/2020 11:33:35 AM,25-34,"Between $15,000 and $29,999","Under $10,000",Weekly,Pay off debt,,Yes,"No, I am not on track",Yes,"Yes, but I did not feel like it was worth it",,Sucks,Spreadsheets and documents,,,Stash,Daily Budget,,,Hey,,,Robinhood,Acorns,Traditional brokerage account(s),,,,"Yes, almost daily",,Facebook,Reddit,Instagram,,,,,,Good,18-29,Male,"$10,000-$24,999",Middle Atlantic,iOS Phone / Tablet
11392402677,03/04/2020 11:30:23 AM,25-34,"Between $30,000 and $49,999","$100,000 - $249,999",Weekly,Pay all of my monthly bills,,No,"Yes, I am on track",Yes,"No, it was a free consultation",,I had everything sorted out as far as my financial plans.,,Mint,,Stash,,,,It takes a while for you to touch your investments,,,Robinhood,Acorns,,,,There’s not a lot of help,"Yes, every once in a while",Google,,Reddit,Instagram,,,,Credit Karma,,What’s the best option?,18-29,Male,"$25,000-$49,999",West South Central,iOS Phone / Tablet
11392368730,03/04/2020 11:23:31 AM,18-24,"Between $15,000 and $29,999","$10,000 - $49,999",Daily,Pay off debt,,Yes,"Yes, I am on track",No,,,,,,Clarity Money,,,,,,,,Robinhood,Acorns,,,,,"Yes, almost daily",Google,Facebook,Reddit,Instagram,,,,,,,18-29,Male,"$10,000-$24,999",West South Central,iOS Phone / Tablet
11392358123,03/04/2020 11:19:29 AM,25-34,"Over $150,000","Over $500,000",Daily,Save for retirement,,Yes,"Yes, I am on track",Yes,"No, it was a free consultation",,Nothing,Spreadsheets and documents,,,,,,,Customizable,,,Robinhood,,Traditional brokerage account(s),,,Expensive or confusing,Not at all,Google,,Reddit,,,Investopedia,NerdWallet,,,Having enough to retire,30-44,Male,"$200,000+",Pacific,Android Phone / Tablet
11392325582,03/04/2020 11:08:17 AM,18-24,"Between $15,000 and $29,999","$100,000 - $249,999",Weekly,I am not sure,,No,I do not have a financial plan,No,,,,Spreadsheets and documents,,,,,,,I can do most of what I need to,,,Robinhood,,,,,They broke yesterday,Not at all,Google,,,,,,,,Twitter,I need more money,18-29,Male,"$100,000-$124,999",Pacific,iOS Phone / Tablet
11392302645,03/04/2020 11:01:02 AM,35-44,"Under $15,000","Under $10,000",Daily,Pay all of my monthly bills,,No,"Yes, I am on track",No,,,,,,,,,,None,N/A,,,,,,,None,N/A,Not at all,Google,,,,Online banking/brokerage website or app,,,,,Not having enough to live,30-44,Female,"$10,000-$24,999",Pacific,iOS Phone / Tablet
11392295054,03/04/2020 11:00:15 AM,65+,"Between $50,000 and $74,999","$100,000 - $249,999",Weekly,Pay off debt,,Yes,I am not certain and I am okay with that,No,,,,Spreadsheets and documents,,,,,,,Hard,,,,,Traditional brokerage account(s),,,Fees,"Yes, every once in a while",,,,,Online banking/brokerage website or app,,,Credit Karma,,Retirement,> 60,Female,"$75,000-$99,999",West South Central,iOS Phone / Tablet
11392294818,03/04/2020 11:00:13 AM,18-24,"Between $50,000 and $74,999","$50,000 - $99,999",Daily,Buy a home,,No,I am not certain and it concerns me,No,,,,Spreadsheets and documents,,,,,,,Not sure what I am doing or how to budget,,,,,,,None,I have not used any of those resources,Not at all,Google,,,,,,NerdWallet,,,I don’t have that much information on how to save and pay off bills,18-29,Female,"$50,000-$74,999",Pacific,iOS Phone / Tablet
11392292677,03/04/2020 11:00:12 AM,55-64,"Under $15,000","$10,000 - $49,999",Daily,Pay all of my monthly bills,,Yes,I am not certain and I am okay with that,No,,,,Spreadsheets and documents,,,,Daily Budget,,,I was ok with them.,,,,,,,I don't invest,I'm ok with them.,Not at all,Google,,,,,,,,friends,not having enough money,45-60,Male,Prefer not to answer,South Atlantic,Windows Desktop / Laptop
